,pitch,stagger_angle,chord,zweifel_coefficient,solidity,blockage_in,blockage_out,camber_angle,lift_coefficient,airfoil_csa,xcg,ycg,max_thickness
0,0.05990131407195078,33.23880853384123,0.11438697458064713,0.6018830417081128,1.909590404698812,13.999999999999815,11.96245699092415,52.99512005011888,1.113010377024212,0.0011710582903548524,0.047254407945627734,0.04389543893267486,0.013644333713708538
1,0.06595705817395547,34.94762545628212,0.13369223035238118,0.5566834628313353,2.0269586614942803,13.499999999999712,11.317023803720366,56.1732540263833,1.1460517326137332,0.0016001239499516895,0.05458068520854267,0.054376728958120915,0.01642928637120631
2,0.07201280227596016,37.50648816767069,0.158075933421187,0.49186271465162135,2.1951087643475455,12.999999999999973,10.978673193036531,60.536913901057126,1.2030505483759146,0.0022442607922427537,0.06353288994114702,0.06928833618538399,0.020147692053153688
3,0.07806854637796486,41.50447749676022,0.19164028467102132,0.3938067381102918,2.454769475829673,12.499999999999991,11.426924845403938,66.80842586611861,1.3253040795707247,0.0033161849071478406,0.07511532085104021,0.09293729472875326,0.02533893775855053
4,0.08412429047996954,49.62242739146314,0.25390239312713697,0.2103697769789863,3.0181816890044684,11.99999999999983,17.112724326172952,77.85597700615222,1.8636324374939142,0.0057722036945999505,0.09309363614761106,0.14819686042578523,0.036187483321881486
