,pitch,stagger_angle,chord,zweifel_coefficient,solidity,blockage_in,blockage_out,camber_angle,lift_coefficient,airfoil_csa,xcg,ycg,max_thickness
0,0.0681953421742209,6.884509413762911,0.13441283324557726,0.9879161034476343,1.9709972699042753,17.91488144512579,9.326062778203003,78.06780950412644,1.2781775777091906,0.0019330441482236812,0.061217609048123844,0.028129618934419467,0.01878162887363032
1,0.07508957392111854,11.494908855283342,0.14969337765863408,0.876811058657204,1.9935307905180912,16.312526878435627,8.682044401821374,77.62682034621074,1.2672799603978762,0.002434207108448793,0.06809605939415019,0.03809511441013784,0.022042180910116383
2,0.08198380566801619,20.195843634261198,0.17139451794803182,0.7041508206546492,2.0905899226253757,14.653486856261406,8.644217720534199,78.8215699626318,1.2801256739222306,0.003177747930771668,0.07707683851155173,0.058194688110604964,0.026031736326948128
3,0.08887803741491383,33.33787996174963,0.20810588559989926,0.4745172861734858,2.34147705836919,12.955088848156967,9.828581847766994,77.98323355511894,1.3452892364361924,0.004413613895505118,0.08853517456122213,0.09372044380268577,0.030841862844916513
4,0.09577226916181149,54.43741312937375,0.2887380403034996,0.21671523312810595,3.014839711228559,12.533514330439962,17.350207665879065,61.24719254258733,1.7052163174865809,0.006512417694506745,0.09480922912703771,0.16424322643444392,0.03538222013056259
