,pitch,stagger_angle,chord,zweifel_coefficient,solidity,blockage_in,blockage_out,camber_angle,lift_coefficient,airfoil_csa,xcg,ycg,max_thickness
0,0.6775984154801514,26.000971820662187,1.2260974816698416,0.8171473694893339,1.8094751310789585,11.170041542906672,8.670992927163105,92.0,1.6883298602912138,0.16665118606139773,0.5456390573994662,0.5139486142009285,0.1961335062539953
