,pitch,stagger_angle,chord,zweifel_coefficient,solidity,blockage_in,blockage_out,camber_angle,lift_coefficient,airfoil_csa,xcg,ycg,max_thickness
0,0.07211847632820784,39.93249523576203,0.17037026226907329,0.4238493218718147,2.3623663580151932,9.999999999999746,16.987168855674796,64.92214904812549,1.287968809279113,0.0028562254743440835,0.0701664157559633,0.07686647435564345,0.023699229140571893
