,pitch,stagger_angle,chord,zweifel_coefficient,solidity,blockage_in,blockage_out,camber_angle,lift_coefficient,airfoil_csa,xcg,ycg,max_thickness
0,0.07229353062266701,40.04126905928225,0.1870682285595623,0.3133492249877176,2.587620592718827,21.97339683956511,33.659666729364424,97.89689397395387,1.7627068711237854,0.004660023586106349,0.07847656197010368,0.10173630864611712,0.035369384881828704
