index,R,chord_x,chord_t,ugt,beta_in,half_wedge_in,Rle,beta_out,Rte,Nb,throat,half_wedge_out
rhub,0.7054856771865797,0,0.0,5.0,38.60433981151377,6.5,0.004773673952195463,-39.46346969261268,0.002455032318271952,65,0,0
r2,0.7768069961736689,0,0.0,5.75,34.148563530098905,8.125,0.005068546239675502,-43.47825681611182,0.0023653215785152336,65,0,0
rmean,0.848128315160758,0,0.0,6.5,27.481378216721893,9.75,0.005328947368421053,-51.34019174590991,0.002213562753036437,65,0,0
r4,0.9194496341478473,0,0.0,7.25,15.231586054156105,11.375,0.005554877338432115,-62.75164750096285,0.0019997558418355615,65,0,0
rtip,0.9907709531349363,0,0.0,8.0,-16.777488936391503,13.0,0.005746336149708689,-78.02468147897883,0.0017239008449126067,65,0,0
