index,R,chord_x,chord_t,ugt,beta_in,half_wedge_in,Rle,beta_out,Rte,Nb,throat,half_wedge_out
rhub,0.7054856771865797,0,0,5.0,0.0,6.5,0.004193091985036555,-52.99512005011888,0.002156447306590228,74,0,0
r2,0.7768069961736689,0,0,5.75,0.0,8.125,0.004452101426741995,-56.173254026383304,0.0020776473324795974,74,0,0
rmean,0.848128315160758,0,0,6.5,0.0,9.75,0.004680832147937411,-60.536913901057126,0.001944345661450924,74,0,0
r4,0.9194496341478473,0,0,7.25,0.0,11.375,0.004879284148622804,-66.80842586611861,0.0017565422935042095,74,0,0
rtip,0.9907709531349363,0,0,8.0,0.0,13.0,0.005047457428798172,-77.85597700615222,0.0015142372286394516,74,0,0
