,pitch,stagger_angle,chord,zweifel_coefficient,solidity,blockage_in,blockage_out,camber_angle,lift_coefficient,airfoil_csa,xcg,ycg,max_thickness
0,0.08210411151211354,49.27787127834149,0.17757958458911452,0.415997948123934,2.1628586110808183,10.826436558236392,18.7381556978445,44.87115870497266,1.2020846281267457,0.0028365212449560783,0.06222303390184662,0.08351575405260264,0.02216870441102338
