index,R,chord_x,chord_t,ugt,beta_in,half_wedge_in,Rle,beta_out,Rte,Nb,throat,half_wedge_out
rhub,0.5711424573137692,0,0.0,5.0,37.905427842397685,6.5,0.0027604568431540914,-39.007696031719405,0.0019875289270709457,65,0,0
r2,0.646811066595726,0,0.0,5.75,31.03158489700357,8.125,0.003126179838581094,-43.3547883909803,0.0022508494837783872,65,0,0
rmean,0.7224796758776827,0,0.0,6.5,19.704148777925887,9.75,0.003491902834008097,-51.34019174590991,0.002514170040485829,65,0,0
r4,0.7981482851596394,0,0.0,7.25,-1.7085043583693906,11.375,0.003857625829435099,-61.687136731566476,0.002777490597193271,65,0,0
rtip,0.8738168944415962,0,0.0,8.0,-38.438069388241196,13.0,0.004223348824862102,-72.79652609608826,0.003040811153900713,65,0,0
