,pitch,stagger_angle,chord,zweifel_coefficient,solidity,blockage_in,blockage_out,camber_angle,lift_coefficient,airfoil_csa,xcg,ycg,max_thickness
0,0.07298104057923266,11.963742061774369,0.14761538923071466,0.9032290988546787,2.0226539394221765,12.595978559453435,10.04075773721882,81.63441970420493,1.298248369117345,0.002136840538240987,0.06985210791496983,0.03912872444906954,0.019189610878825477
1,0.07986819524623866,18.140959661255224,0.16540459652265554,0.7640555076263675,2.0709695018486745,11.638740616305162,10.967649810905344,79.74150902934463,1.2767946054344936,0.0027784165096767163,0.07784290363900015,0.051991307222350715,0.022921434152974346
2,0.08675534991324466,26.352152840913167,0.1876470449856891,0.613073925188744,2.162944938535043,10.690744234817872,12.555314347611779,75.71696716998012,1.2602812954566456,0.0035663940926516334,0.08596398047583712,0.06987843118888837,0.026242722110251828
3,0.09364250458025064,36.56872050138727,0.21380420796844818,0.4758524244365868,2.2831961717258453,10.034891292141468,15.183534556740907,66.47217855141464,1.249816120569673,0.004400777152898257,0.09091856711523608,0.0917334203776079,0.02879070882282025
4,0.10052965924725664,48.77159294607822,0.23166898362334218,0.38833180121161975,2.3044839240282635,10.57968760757394,19.61563553045749,49.41127716784699,1.2464065265119766,0.004807240359585377,0.0829231292589819,0.11022638860876653,0.02893028443958265
