,pitch,stagger_angle,chord,zweifel_coefficient,solidity,blockage_in,blockage_out,camber_angle,lift_coefficient,airfoil_csa,xcg,ycg,max_thickness
0,0.06410496807635302,37.0049158276094,0.1352381532137267,0.5389141821909346,2.1096360745808282,9.99999999999984,13.360197667704075,57.39024692582765,1.140211269600237,0.0014465660245106167,0.05642176005226931,0.05506509354616774,0.01444019799697842
1,0.07015449582439882,37.555575448593274,0.15173706506130472,0.5147631079136499,2.1628986607089624,9.999999999999883,13.987016336857646,59.01837789499668,1.1664077570310305,0.0019300772342092916,0.06316515780629874,0.06314957496993624,0.017426267168299772
2,0.07620402357244463,38.37861947789215,0.17009743824477544,0.4842814919500413,2.2321319829401065,9.999999999999917,14.867386261258849,61.03459156200265,1.201331943082335,0.0025630614075550667,0.07053805989235439,0.07279438593084239,0.020912156836188286
3,0.08225355132049042,39.54183967095651,0.1909499224930158,0.445833547158012,2.3214793699180705,9.999999999999948,16.1495249648588,63.52331878829165,1.2504317399300595,0.0034039024387802768,0.0787073459253181,0.08464906910830988,0.02498308722238875
4,0.08830307906853624,41.17568782482172,0.21540122165352718,0.39649088282834327,2.439339872693952,9.999999999999973,18.159307847482484,66.64101090587732,1.325542188449779,0.004550972113035683,0.08794049657691062,0.09989649550647595,0.029920408319604
