,pitch,stagger_angle,chord,zweifel_coefficient,solidity,blockage_in,blockage_out,camber_angle,lift_coefficient,airfoil_csa,xcg,ycg,max_thickness
0,0.08830307906853624,41.17568782482172,0.21540122165352718,0.39649088282834327,2.439339872693952,9.999999999999973,18.159307847482484,66.64101090587732,1.325542188449779,0.004550972113035683,0.08794049657691062,0.09989649550647595,0.029920408319604
