index,R,chord_x,chord_t,ugt,alfa_in,half_wedge_in,Rle,alfa_out,Rte,Nb,throat,half_wedge_out,beta_in,beta_out
r_hub,0.5711424573137692,0,0,5.0,,6.5,0.002990494913416932,,0.002153156337660191,60,0,0,0.0,0.0
r_2,0.646811066595726,0,0,5.75,,8.125,0.003386694825129519,,0.002438420274093253,60,0,0,0.0,0.0
r_mean,0.7224796758776827,0,0,6.5,,9.75,0.003782894736842105,,0.0027236842105263152,60,0,0,0.0,0.0
r_4,0.7981482851596394,0,0,7.25,,11.375,0.004179094648554691,,0.0030089481469593774,60,0,0,0.0,0.0
r_tip,0.8738168944415962,0,0,8.0,,13.0,0.004575294560267277,,0.003294212083392439,60,0,0,0.0,0.0
