index,R,chord_x,chord_t,ugt,beta_in,half_wedge_in,Rle,beta_out,Rte,Nb,throat,half_wedge_out
r_hub,0.593524768095321,0.0,,,28.008366609106996,,,30.829159181866437,,,0.0,0.0
r_2,0.6580022219865018,0.0,,,23.55845780773907,,,39.7861790574942,,,0.0,0.0
r_mean,0.7224796758776827,0.0,,,24.086516325556026,,,46.27032343624843,,,0.0,0.0
r_4,0.7869571297688636,0.0,,,3.504752809116627,,,61.38728200728219,,,0.0,0.0
r_tip,0.8514345836600444,0.0,,,24.468165055930932,,,73.42872891802294,,,0.0,0.0
