index,R,chord_x,chord_t,ugt,beta_in,half_wedge_in,Rle,beta_out,Rte,Nb,throat,half_wedge_out
rhub,0.5955864640594967,0,0,5.0,0.0,6.5,0.0025285000811714003,-53.988679082300976,0.0018205200584434078,74,0,0
r2,0.6590330699685897,0,0,5.75,0.0,8.125,0.002797856014981148,-55.79730342862807,0.002014456330786426,74,0,0
rmean,0.7224796758776827,0,0,6.5,0.0,9.75,0.003067211948790896,-58.12504346188677,0.002208392603129445,74,0,0
r4,0.7859262817867758,0,0,7.25,0.0,11.375,0.003336567882600644,-61.08834046813834,0.0024023288754724636,74,0,0
rtip,0.8493728876958688,0,0,8.0,0.0,13.0,0.003605923816410392,-64.92214904812549,0.002596265147815482,74,0,0
