,pitch,stagger_angle,chord,zweifel_coefficient,solidity,blockage_in,blockage_out,camber_angle,lift_coefficient,airfoil_csa,xcg,ycg,max_thickness
0,0.6775984154801514,23.0,1.1971691359006367,0.8171473694893339,1.766782667359565,11.170041542906672,8.670992927163105,92.0,1.7291265936067906,0.17745780513371112,0.5467426136185279,0.48590907998167726,0.21894716856293978
