index,R,chord_x,chord_t,ugt,beta_in,half_wedge_in,Rle,beta_out,Rte,Nb,throat,half_wedge_out
r_hub,0.593524768095321,0.0,0.0,5.0,28.00836660910699,6.5,0.0025197473664484403,-30.82915918186645,0.0018142181038428768,74.0,0.0,0.0
r_2,0.6580022219865018,0.0,0.0,5.75,23.55845780773907,8.125,0.002793479657619668,-39.786179057494216,0.0020113053534861606,74.0,0.0,0.0
r_mean,0.7224796758776827,0.0,0.0,6.5,24.086516325556026,9.75,0.003067211948790896,-46.27032343624843,0.002208392603129445,74.0,0.0,0.0
r_4,0.7869571297688636,0.0,0.0,7.25,3.5047528091166065,11.375,0.0033409442399621237,-61.38728200728219,0.0024054798527727286,74.0,0.0,0.0
r_tip,0.8514345836600444,0.0,0.0,8.0,-24.468165055930964,13.0,0.0036146765311333507,-73.42872891802294,0.0026025671024160124,74.0,0.0,0.0
