,pitch,stagger_angle,chord,zweifel_coefficient,solidity,blockage_in,blockage_out,camber_angle,lift_coefficient,airfoil_csa,xcg,ycg,max_thickness
0,0.09150589120534554,35.119595422022634,0.1900036741766172,0.5280672064853339,2.0764091980726773,9.999999999999833,13.634628152581332,58.12504346188677,1.1834546469666398,0.0036099755326395935,0.08059781118322577,0.07648717261502755,0.026496444396060734
