index,R,chord_x,chord_t,ugt,beta_in,half_wedge_in,Rle,beta_out,Rte,Nb,throat,half_wedge_out
r_hub,0.593524768095321,0.0,17.319292088478882,,28.008366609106996,,0.007312208043811161,30.829159181866437,0.003773099350606559,51.0,0.0,0.0
r_2,0.6580022219865018,0.0,17.907146873480478,,23.55845780773907,,0.00810656841819041,39.7861790574942,0.00418298930378625,51.0,0.0,0.0
r_mean,0.7224796758776827,0.0,18.80542558163667,,24.086516325556026,,0.008900928792569658,46.27032343624843,0.004592879256965943,51.0,0.0,0.0
r_4,0.7869571297688636,0.0,41.8734845479616,,3.504752809116627,,0.009695289166948909,61.38728200728219,0.005002769210145636,51.0,0.0,0.0
r_tip,0.8514345836600444,0.0,48.21992309250771,,24.468165055930932,,0.010489649541328156,73.42872891802294,0.005412659163325328,51.0,0.0,0.0
