,pitch,stagger_angle,chord,zweifel_coefficient,solidity,blockage_in,blockage_out,camber_angle,lift_coefficient,airfoil_csa,xcg,ycg,max_thickness
0,0.07419396584217205,43.067418902244924,0.18989746909489788,0.3548783689140396,2.5594732258800437,9.999999999999993,20.28864149154091,69.21400992147836,1.394572659396302,0.0035205861515463354,0.0764249130890117,0.09175344664644526,0.02638917443582981
