,pitch,stagger_angle,chord,zweifel_coefficient,solidity,blockage_in,blockage_out,camber_angle,lift_coefficient,airfoil_csa,xcg,ycg,max_thickness
0,0.08446697649724204,57.95084065002512,0.17966948514301528,0.3775990109714057,2.1270973887514697,12.766817365614724,24.34357145055831,34.358456707847054,1.235805381787244,0.002780503473510603,0.051844004271140345,0.08976391342492573,0.021220525802287466
