index,R,chord_x,chord_t,ugt,beta_in,half_wedge_in,Rle,beta_out,Rte,Nb,throat,half_wedge_out
rhub,0.5955864640594967,0,0.0,5.0,36.29707608068373,6.5,0.002878600092410517,-40.28438780359198,0.002072592066535572,65,0,0
r2,0.6590330699685897,0,0.0,5.75,29.744270669842102,8.125,0.0031852514632093065,-44.789779133444796,0.0022933810535107004,65,0,0
rmean,0.7224796758776827,0,0.0,6.5,19.704148777925887,9.75,0.003491902834008097,-51.34019174590991,0.002514170040485829,65,0,0
r4,0.7859262817867758,0,0.0,7.25,3.2029933453493227,11.375,0.0037985542048068867,-59.169584650560694,0.0027349590274609583,65,0,0
rtip,0.8493728876958688,0,0.0,8.0,-22.532105566767967,13.0,0.0041052055756056775,-67.40326427174062,0.002955748014436087,65,0,0
