,pitch,stagger_angle,chord,zweifel_coefficient,solidity,blockage_in,blockage_out,camber_angle,lift_coefficient,airfoil_csa,xcg,ycg,max_thickness
0,0.10052965924725664,48.77159294607822,0.23166898362334218,0.38833180121161975,2.3044839240282635,10.57968760757394,19.61563553045749,49.41127716784699,1.2464065265119766,0.004807240359585377,0.0829231292589819,0.11022638860876653,0.02893028443958265
