index,R,chord_x,chord_t,ugt,beta_in,half_wedge_in,Rle,beta_out,Rte,Nb,throat,half_wedge_out
r_hub,0.593524768095321,0.0,0.0,6.5,28.008366609106996,9.0,0.005039494732896881,-30.829159181866437,0.0024189574717905027,74.0,0.0,0.0
r_2,0.6580022219865018,0.0,0.0,6.5,23.55845780773907,9.0,0.005586959315239336,-39.7861790574942,0.0026817404713148814,74.0,0.0,0.0
r_mean,0.7224796758776827,0.0,0.0,6.5,24.086516325556026,9.0,0.006134423897581792,-46.27032343624843,0.0029445234708392596,74.0,0.0,0.0
r_4,0.7869571297688636,0.0,0.0,6.5,3.504752809116627,9.0,0.0066818884799242475,-61.38728200728219,0.0032073064703636387,74.0,0.0,0.0
r_tip,0.8514345836600444,0.0,0.0,6.5,24.468165055930932,9.0,0.007229353062266701,-73.42872891802294,0.003470089469888016,74.0,0.0,0.0
