index,R,chord_x,chord_t,ugt,beta_in,half_wedge_in,Rle,beta_out,Rte,Nb,throat,half_wedge_out
rhub,0.7549940684113801,0,0,5.0,0.0,6.5,0.003205248403817651,-57.390246925827654,0.002307778850748709,74,0,0
r2,0.8262421745023875,0,0,5.75,0.0,8.125,0.0035077247912199414,-59.018377894996675,0.0025255618496783576,74,0,0
rmean,0.8974902805933948,0,0,6.5,0.0,9.75,0.0038102011786222316,-61.03459156200265,0.0027433448486080068,74,0,0
r4,0.968738386684402,0,0,7.25,0.0,11.375,0.004112677566024521,-63.523318788291654,0.002961127847537655,74,0,0
rtip,1.0399864927754094,0,0,8.0,0.0,13.0,0.004415153953426812,-66.64101090587732,0.0031789108464673043,74,0,0
