index,R,chord_x,chord_t,ugt,beta_in,half_wedge_in,Rle,beta_out,Rte,Nb,throat,half_wedge_out
r_hub,0.5711424573137692,0.0,0.0,5.0,27.892584288480034,6.5,0.0024247256054731885,-29.924463956874476,0.0017458024359406955,74.0,0.0,0.0
r_2,0.646811066595726,0.0,0.0,5.75,21.654821511904004,8.125,0.0027459687771320424,-39.5279285728542,0.00197709751953507,74.0,0.0,0.0
r_mean,0.7224796758776827,0.0,0.0,6.5,19.704148777925887,9.75,0.003067211948790896,-46.4421972165284,0.002208392603129445,74.0,0.0,0.0
r_4,0.7981482851596394,0.0,0.0,7.25,-6.821521469884849,11.375,0.0033884551204497494,-61.642653247427056,0.0024396876867238196,74.0,0.0,0.0
r_tip,0.8738168944415962,0.0,0.0,8.0,-38.438069388241196,13.0,0.003709698292108603,-72.79652609608826,0.002670982770318194,74.0,0.0,0.0
