,pitch,stagger_angle,chord,zweifel_coefficient,solidity,blockage_in,blockage_out,camber_angle,lift_coefficient,airfoil_csa,xcg,ycg,max_thickness
0,0.07229353062266701,53.49466188431516,0.18331879403504714,0.31334922498771767,2.535756553264382,21.973396839565112,33.659666729364424,48.96056386209197,1.3697177337598356,0.00323675507925877,0.05948701951703422,0.09463503602313277,0.023880202782713317
