index,R,chord_x,chord_t,ugt,beta_in,half_wedge_in,Rle,beta_out,Rte,Nb,throat,half_wedge_out
rhub,0.5711424573137692,0,0,5.0,27.892584288480034,6.5,0.0027604568431540914,-29.924463956874476,0.0019875289270709457,65,0,0
r2,0.646811066595726,0,0,5.75,21.654821511904004,8.125,0.003126179838581094,-39.5279285728542,0.0022508494837783872,65,0,0
rmean,0.7224796758776827,0,0,6.5,19.704148777925887,9.75,0.003491902834008097,-46.4421972165284,0.002514170040485829,65,0,0
r4,0.7981482851596394,0,0,7.25,-6.821521469884849,11.375,0.003857625829435099,-61.642653247427056,0.002777490597193271,65,0,0
rtip,0.8738168944415962,0,0,8.0,-38.438069388241196,13.0,0.004223348824862102,-72.79652609608826,0.003040811153900713,65,0,0
