,pitch,stagger_angle,chord,zweifel_coefficient,solidity,blockage_in,blockage_out,camber_angle,lift_coefficient,airfoil_csa,xcg,ycg,max_thickness
0,0.07419396584217205,57.95084065002512,0.15781779100399984,0.3775990109714058,2.127097388751469,12.766817365614722,24.34357145055756,34.358456707847054,1.235805381787245,0.0021452934944452585,0.045538652400325855,0.07884668071108368,0.018639651042549804
