,pitch,stagger_angle,chord,zweifel_coefficient,solidity,blockage_in,blockage_out,camber_angle,lift_coefficient,airfoil_csa,xcg,ycg,max_thickness
0,0.07229353062266701,53.77413062157937,0.18453717312862578,0.31334922498771767,2.5526097776550665,10.986698419782405,25.244750047023317,48.96056386209197,1.3606743772229186,0.0028879148662893247,0.061026392233763785,0.09313211141263068,0.022011450935833867
