,r_p,C_x1,C_x2,C_u1,C_u2,Rn_prim,Rn
0,0.8412281277432885,315.90304309646996,246.66956792189862,493.77861806632944,-43.12069248956774,0.25,0.12926974441459038
0,0.9206140638716442,282.7335099038644,249.26377001802496,470.8896405840952,-19.712034461107326,0.31388333791493095,0.25869044566428423
0,1.0,250.0,250.0,451.6548018055998,3.965082230804131e-14,0.36768327747216023,0.36768327747216023
0,1.0793859361283558,216.79467552226194,249.40342279125616,435.26638845154906,16.829584072164433,0.413616260553229,0.460738510258499
0,1.1587718722567115,181.88500674439376,247.82219748122688,421.13822777932324,31.36797824262992,0.45329300477670864,0.541119282902931
