,r_p,C_x1,C_x2,C_u1,C_u2,Rn_prim,Rn
0,0.8243643163193018,292.25723783229404,225.82852928544878,402.0904812154724,-46.58336980277345,0.25,0.08817721086738306
0,0.912182158159651,261.1431606300233,229.07488451756947,384.22159308295653,-21.25741035559721,0.30798684092803086,0.2340693665328083
0,1.0,230.0,230.0,369.8707124450045,0.0,0.3567465870521661,0.3567465870521661
0,1.0878178418403492,197.81070088087682,229.24179764232812,358.1611819571085,18.149556647429463,0.3983795509958883,0.4614931598828723
0,1.1756356836806983,163.0764783423368,227.21198514811485,348.4816277370951,33.868250838728464,0.4343857371828027,0.5520830253769985
