,r_p,C_x1,C_x2,C_u1,C_u2,Rn_prim,Rn
0,0.7905308292858675,310.2989870436916,222.43257680901735,404.3964062380442,-63.47998610851389,0.25,0.029903303414307136
0,0.8952654146429337,270.703532507992,228.34501340701635,384.54448429837595,-28.596363538936217,0.30854001518274443,0.20914473224976016
0,1.0,230.0,230.0,369.8707124450045,0.0,0.3567465870521661,0.356746587052166
0,1.1047345853570663,185.7838781775744,228.65578186024348,358.83777653452535,24.03273164181303,0.39726540458137505,0.4808096014874472
0,1.2094691707141325,133.02553618484856,225.04969125663547,350.45030830539446,44.637873064392096,0.4318913641780532,0.5868295000736146
