,r_p,C_x1,C_x2,C_u1,C_u2,Rn_prim,Rn
0,0.8915769738454996,208.09587022802845,277.148081335135,493.62474687759635,41.32143742970338,0.25,0.35386258422796857
0,0.9457884869227497,251.92259164304213,279.43496865872584,444.480483449189,18.102681780310313,0.3886276217865371,0.4339420372626903
0,1.0,280.0,280.0,403.26321589785704,-4.440892098500626e-14,0.4959209801276788,0.4959209801276788
0,1.05421151307725,299.43947853810107,279.6259143354707,368.3165303703852,-14.209377282367663,0.580127957369797,0.5445638738912286
0,1.1084230261545003,313.52266425347335,278.7566381051591,338.39699246749143,-25.42007591019777,0.647047078177456,0.5832202868252505
