r_p,C_x1,C_x2,C_u1,C_u2,Rn_prim,Rn
0.821510677617741,311.02093858663704,222.96756057932427,414.69998547633116,-60.42350575368037,0.2499999999999999,0.040496943087403925
0.9107553388088705,271.92077451911615,228.4052980659788,400.65633899784996,-27.909934072754837,0.2882230939114193,0.19121469934575397
1.0,230.0,230.0,390.3190212324736,0.0,0.32118431090004596,0.32118431090004607
1.0892446611911295,182.33277397667038,228.62861185721874,382.7259107714585,24.386746817562926,0.34998808034179407,0.43476066115844636
1.178489322382259,121.28326531579894,224.82643586993288,377.2123020504602,46.009452928787546,0.37543953876590663,0.5351184897548091
