,pitch,stagger_angle,chord,zweifel_coefficient,solidity,blockage_in,blockage_out,camber_angle,lift_coefficient,airfoil_csa,xcg,ycg
0,0.6775984154801514,0.010314895879286487,1.1020586273885007,0.9626319944863336,1.6264185426224373,-10.125087184677499,5.248066801593425,92.0,-0.00450889877050176,,,
