,pitch,stagger_angle,chord,zweifel_coefficient,solidity,blockage_in,blockage_out,camber_angle,lift_coefficient,airfoil_csa,xcg,ycg
0,0.6775984154801514,28.204554309265326,1.2504739101636628,0.8171473694893339,1.8454498735472507,11.170041542906672,8.670992927163105,92.0,1.655417976421533,0.2749701712742017,0.5145199799418719,0.5207452570665344
