,pitch,stagger_angle,chord,zweifel_coefficient,solidity,blockage_in,blockage_out,camber_angle,lift_coefficient,airfoil_csa,xcg,ycg,max_thickness
0,0.6775984154801514,28.204554309265326,1.2504739101636628,0.8171473694893339,1.8454498735472507,11.170041542906672,8.670992927163105,92.0,1.655417976421533,0.15836093126318052,0.5446903778103698,0.5355547164121963,0.17960983614340076
