,pitch,stagger_angle,chord,zweifel_coefficient,solidity,blockage_in,blockage_out,camber_angle,lift_coefficient,airfoil_csa,xcg,ycg
0,0.6775984154801514,0.4922623367542349,1.2504739101636628,0.9626319944863336,1.8454498735472507,-10.125087184677499,5.248066801593425,92.0,-0.003973750071604863,0.23702459018369382,0.5304255228134888,0.4884958923672663
