,pitch,stagger_angle,chord,zweifel_coefficient,solidity,blockage_in,blockage_out,camber_angle,lift_coefficient,airfoil_csa,xcg,ycg,max_thickness
0,0.08663096102142506,31.437767658927005,0.20188663644924335,0.5265293713325616,2.33042129590729,15.190788555750734,14.837549372004903,83.80802911866671,1.3420211189993203,0.004059908084087041,0.08865234981338294,0.0876157400764166,0.02742880342146062
1,0.09189847646212952,32.712541928771316,0.1990008218531039,0.5478619414995262,2.1654420129055154,13.648385895190515,11.625641915654555,65.64298657354482,1.2016479714010697,0.0036478221446866336,0.08412807200193996,0.08109894547222322,0.02540488454544388
2,0.09716599190283398,33.306428645908,0.19203310165453766,0.5735012879294124,1.9763406711946172,13.000882824066927,9.416485760708794,55.67569420986736,1.1465853295157842,0.0033945620024128575,0.07882848152837611,0.07642210345956438,0.024805499019598623
3,0.10243350734353845,33.21047467886326,0.18670205550416427,0.597780405028763,1.8226658477875648,12.52602935156579,7.543523555856131,49.68328670723387,1.1204694401695434,0.00327545871147769,0.07516542611136501,0.0730786089821075,0.025297193240137274
4,0.10770102278424293,32.57104675611334,0.18346422408245033,0.6201091662772337,1.7034585126455444,12.067375639080469,5.838024800468036,45.87093238487374,1.1070401247447015,0.0032478437563993596,0.07300456278694653,0.07051734096823702,0.0259414085001912
