,pitch,stagger_angle,chord,zweifel_coefficient,solidity,blockage_in,blockage_out,camber_angle,lift_coefficient,airfoil_csa,xcg,ycg,max_thickness
0,0.07609476305935985,43.456223707705476,0.19319110789910915,0.3884595081839772,2.538822648654613,13.999999999999766,18.534750336423443,67.14132059086518,1.2972817767041658,0.0031401907600739085,0.07521417982620991,0.09327533712742779,0.022374506957666948
1,0.0807216347302489,38.01345138855915,0.17826936477898253,0.49308711849410847,2.208445918801239,13.499999999999998,12.776646892014018,60.45630832047885,1.1928448532492044,0.0027931587021045798,0.07168118933554196,0.07788183003256618,0.021765098185413244
2,0.08534850640113796,33.705981389095555,0.1685457287120701,0.570335480667228,1.974794121409755,12.999999999999842,9.468111634370972,55.226376845808815,1.1452523602096996,0.0026077352660097614,0.0689189022364168,0.06746180190788229,0.021714339651856724
3,0.08997537807202702,30.027905966845296,0.16127444145758205,0.6308239266343822,1.7924286056178476,12.499999999999803,7.133527772176794,50.88906345875601,1.1191218145318471,0.002494305193197206,0.06655199006240956,0.059319586872851084,0.022163571403146898
4,0.09460224974291608,26.763618648729164,0.15544394230485883,0.6796322209805519,1.6431315611127806,11.999999999999863,5.296982527999989,47.18508982523159,1.1033147219535693,0.0024195448954275767,0.0644378655250174,0.05250895599609944,0.022810359486772406
